Empire,67-591-8968,Cati,5694788364,63,F,25781 Lien Way,56499,97,,79-941-4680
Empire,62-135-2344,Jeth,4807408219,34,M,39 Pankratz Lane,40754,40,,67-511-5607
Empire,08-405-4248,Ronalda,3689307019,33,F,16 Randy Trail,41658,51,,27-811-5852
Empire,85-806-1195,Sandy,2363007396,84,M,2 Walton Court,36209,47,,86-945-1475
Empire,88-190-8261,Olag,6811254486,81,M,33 Mosinee Alley,64410,89,,46-873-7596
Empire,84-908-3077,Rosaline,4954926145,96,F,5 Scoville Park,68532,25,,84-477-8286
Empire,55-132-9057,Elysia,4121612098,62,F,84 Parkside Center,69002,82,,82-446-6256
Empire,11-499-4874,Winne,7282909133,20,F,7 Prentice Terrace,65574,37,,67-074-2303
Empire,62-715-9027,Harv,2683251699,93,M,117 Sage Crossing,89457,54,,25-522-6707
Empire,19-600-9897,Clerc,8754283117,42,M,540 Redwing Park,88027,76,,21-005-3085
Imperial,80-728-7196,Vidovik,9764333227,94,M,65 Browning Place,71573,21,,94-821-8841
Imperial,41-709-4713,Marius,9047499024,48,M,2 Utah Avenue,20336,40,,96-830-7433
Imperial,76-810-8719,Worth,6235434871,56,M,22786 Atwood Parkway,71592,93,,48-985-5647
Imperial,63-381-9247,Shay,3539856246,93,F,5540 Canary Parkway,79885,41,,63-801-7759
Imperial,61-490-4516,Clerkclaude,7165911313,44,M,87350 Comanche Place,20845,35,,30-680-4899
Imperial,31-342-1864,Jacky,4529581667,28,M,210 Dennis Way,57633,72,,62-649-5914
Imperial,71-944-9822,Clark,9264111124,72,M,761 Birchwood Parkway,21571,78,,55-594-0873
Imperial,66-312-2969,Salome,8539287459,18,F,97304 4th Point,66691,74,,83-057-6797
Imperial,20-945-9262,Maurice,7392852626,89,M,52 Canary Drive,93623,34,,87-225-4579
Imperial,90-932-2833,Ina,1226992666,80,F,9101 Melby Place,24075,33,,03-137-6596
Zaitoons,45-824-3096,Elmore,8369962043,32,M,5235 Farwell Lane,99258,100,,48-677-0725
Zaitoons,69-923-4538,Zechariah,2888959693,88,M,87 Westerfield Way,14656,5,,46-429-1598
Zaitoons,93-616-5407,Forest,6066599999,77,M,50574 Hoepker Avenue,68221,92,,50-816-2338
Zaitoons,62-563-5859,Sanson,3996532357,94,M,39276 Westerfield Place,54629,80,,40-614-5135
Zaitoons,55-561-5732,Yorgo,1856520968,39,M,62 Stang Point,86235,60,,95-820-5425
Zaitoons,88-477-4932,Wiatt,9644100534,89,M,29049 Fairview Park,75606,82,,21-904-9977
Zaitoons,34-212-9739,Jacquetta,6793887274,51,F,43 Harper Circle,42688,89,,90-358-9740
Zaitoons,24-422-8835,Elbert,4953300750,68,M,8686 Anzinger Street,48619,32,,40-263-7726
Zaitoons,29-316-6311,Lari,9074241804,50,F,05007 Dapin Crossing,35759,30,,87-236-1282
Zaitoons,41-318-5139,Yulma,7585198524,95,M,7329 Delladonna Plaza,64622,83,,05-149-3346
Leon Grill,15-864-1005,Maddy,7401645670,100,F,2882 Roth Way,11944,95,,18-142-2714
Leon Grill,50-307-0601,Louella,9413948749,72,F,93 Trailsway Way,37781,73,,51-011-7104
Leon Grill,30-359-3627,Concettina,8923984674,25,F,1 Vermont Crossing,86685,7,,91-347-7730
Leon Grill,83-318-4304,Hernando,7138040044,42,M,91 Hermina Lane,99448,9,,70-366-8633
Leon Grill,07-123-1989,Corrine,2486192255,87,F,82 Anthes Trail,14737,2,,80-343-4914
Leon Grill,42-869-7180,Shawn,3365557373,85,F,44 Dahle Drive,34684,23,,18-827-4195
Leon Grill,38-860-5304,Dniren,6542196554,85,F,61 Rowland Parkway,48096,85,,94-900-5965
Leon Grill,75-770-5648,Lou,2019179045,45,M,38388 Brickson Park Plaza,62255,86,,89-066-2718
Leon Grill,85-058-9886,Agathe,5862588828,26,F,17 Nancy Road,83411,83,,09-115-5491
Leon Grill,78-736-1799,Aristotle,6065980334,97,M,68 Oriole Terrace,81450,80,,65-293-6358
Taco Bell,56-881-0184,Tessi,5559288992,91,F,5470 Declaration Park,91545,99,,62-942-1668
Taco Bell,63-222-2023,Pieter,5842485893,36,M,417 Rusk Point,15767,50,,13-717-7766
Taco Bell,59-732-7271,Orelie,3735602592,88,F,54 Mifflin Lane,36985,84,,48-852-7244
Taco Bell,36-536-9459,Eddi,4202770033,97,F,78055 Memorial Plaza,66062,11,,93-102-7129
Taco Bell,42-478-6267,Gwenette,7533141867,57,F,9445 Oakridge Pass,26954,66,,58-457-9300
Taco Bell,73-318-6429,Jasmina,4344642666,79,F,355 Pine View Hill,39887,51,,38-164-1236
Taco Bell,58-074-0881,Munmro,3399169272,34,M,3955 Muir Parkway,64238,58,,08-950-0865
Taco Bell,32-533-1120,Geoffrey,5147972452,44,M,01353 Nevada Center,81821,22,,21-004-5810
Taco Bell,02-831-9907,Baxter,6397130189,85,M,97212 Fisk Parkway,74509,41,,82-119-4360
Taco Bell,19-314-6425,Marcy,6053976225,79,F,23 Graedel Alley,50290,57,,17-387-3017
KFC,93-267-2856,Brandais,1551340398,34,F,86705 Surrey Pass,65117,69,,08-757-2866
KFC,81-337-4696,Tammy,3031759659,92,M,43971 Dunning Plaza,36316,1,,87-460-5818
KFC,89-483-7659,Alwin,3439869292,28,M,30 Colorado Way,56841,38,,94-893-1198
KFC,29-020-1191,Cordula,1655461773,75,F,8 Mariners Cove Junction,58803,95,,30-426-1740
KFC,22-858-9418,Olly,9304542336,22,M,9 Charing Cross Place,44990,43,,72-863-6337
KFC,92-533-2550,Bevvy,6637820491,96,F,4183 Mccormick Road,36708,29,,57-970-0778
KFC,97-374-7697,Hettie,2657895382,30,F,5 Duke Center,57880,3,,02-577-3874
KFC,54-744-0821,Felizio,7195185187,70,M,172 Cascade Avenue,61364,23,,78-141-8470
KFC,84-875-4922,Stillmann,3304888402,85,M,3547 Shopko Center,56771,32,,85-814-3918
KFC,47-642-1124,Ulrick,2958202394,94,M,5 Longview Plaza,81589,89,,94-770-5788
Burger King,74-513-0817,Lucretia,4798646199,72,F,784 Oak Valley Circle,42837,84,,07-428-3646
Burger King,34-222-1567,Honoria,1686753308,73,F,6 Paget Junction,73149,51,,85-051-5750
Burger King,93-916-7111,Jeno,6885013750,72,M,920 Pine View Street,95532,29,,46-361-0205
Burger King,61-738-5108,Lawry,9024751892,97,M,41625 Iowa Way,58793,79,,74-032-7270
Burger King,39-418-2210,Elvis,9997459874,18,M,2 Amoth Lane,87848,6,,65-694-5799
Burger King,72-590-1892,Ella,7315125617,49,F,085 Aberg Crossing,11363,1,,07-747-9484
Burger King,25-729-2111,Willi,2066630411,51,M,69943 Spaight Alley,42438,47,,49-114-7799
Burger King,89-622-1889,Gabie,3395342681,86,F,7279 Karstens Road,95850,77,,72-476-9307
Burger King,96-262-2117,Nettle,7896517047,21,F,9705 Southridge Alley,51358,34,,72-123-4798
Burger King,20-516-3560,Beauregard,7957394753,23,M,116 Northwestern Drive,78929,40,,74-493-9770
Khan Saheb,01-466-1327,Madalena,9845095538,39,F,8 Shopko Alley,57367,95,,12-024-4732
Khan Saheb,97-185-7629,Britte,8378539498,29,F,42 North Parkway,60781,55,,77-493-9669
Khan Saheb,04-280-9525,Sibby,3721248091,56,F,57071 Alpine Circle,10643,50,,71-499-4145
Khan Saheb,79-270-4246,Calvin,8266081353,91,M,720 Surrey Plaza,20008,31,,57-060-5881
Khan Saheb,68-815-2226,Dael,5597376306,45,M,6290 School Lane,81862,50,,65-120-8190
Khan Saheb,08-753-8399,Palmer,9128307079,93,M,5949 Riverside Hill,31041,43,,08-291-6149
Khan Saheb,43-475-6907,Natty,7884103813,40,M,8726 Tennessee Circle,36238,85,,52-318-9451
Khan Saheb,03-384-0585,Julio,8762900336,39,M,54 American Avenue,47370,41,,80-727-9421
Khan Saheb,92-172-9165,Karlens,6517196770,60,M,96314 Emmet Point,85073,47,,57-638-4149
Khan Saheb,61-924-4815,Zita,4524075832,83,F,6328 Vermont Lane,71533,70,,35-383-5533
Khan Saheb,59-726-0144,Charita,4174557247,44,F,770 Raven Road,29518,40,,62-544-7403
CTR,13-992-1895,Dorothy,1737532891,63,F,572 Bonner Pass,20855,85,,84-234-7021
CTR,34-151-9166,Ody,9823118866,57,M,31 Towne Park,17267,28,,06-949-1378
CTR,04-448-4045,Fremont,8776985247,42,M,068 Northland Parkway,31039,46,,91-968-2515
CTR,01-510-4950,Lauritz,9516806713,81,M,4 Haas Alley,98859,49,,05-261-3036
CTR,91-194-2328,Silvester,8529512925,74,M,62 Northport Crossing,19461,79,,17-871-6659
CTR,04-310-6493,Ardra,2063511915,23,F,69871 Heath Hill,12918,13,,89-707-4284
CTR,32-138-3898,Vince,2179525624,83,M,504 Northridge Lane,70074,74,,10-715-0431
CTR,78-758-5065,Engracia,6095362957,87,F,7 Old Gate Drive,91906,0,,32-358-3458
CTR,54-328-5161,Ruggiero,7748319366,100,M,8482 Blaine Pass,80709,4,,48-579-1001